,text,hashtags
0,"Campus turn into camp rioters , security personnel allowing them , trying to stop entry of @DelhiPolice , thanks to Delhi police for Protecting other innocent students of Jamia , why rioters choose Jamia instead of JNU ? To make religious , to start a communal war ,#AMUprotesthttps://twitter.com/TajinderBagga/status/1206258147670642689 …",['AMUprotesthttps']
1,"There are many universities in India but JNU, AMU JMI are against to present government. Actually they don't want to peaceful.",[]
2,Saba Aunty ki beti Canada padhti hai. Coz she couldn't get admission in prestigious JNU or JMI https://twitter.com/vivekagnihotri/status/1206421776718127104 …,[]
3,"Why should someone 'try' to break the law.
It is always a bad choice  made by these 'students' from Jamia and JNU type rioters

Did any student from places like IIT  engage in such stupidity ?",[]
4,"Not expected from you atleast ...did you ever try to know the fact that why police entering into #jamia, #jnu only .. kyun bhai baki universities mein Mujra Hota hai kya... ? #ShutdownJamia #shutdownjnu","['jamia', 'jnu', 'ShutdownJamia', 'shutdownjnu']"
5,"Both Xtians and M have understood that thevpower centre of Delhi must be invaded, all colleges are full of them. Especially humanities in DU and JNU. Why else would so many Xtians invade the media right from DD to BT?",[]
6,Are you one of mufti’s gang from JNU or Jamiya Milia ? https://twitter.com/ADITIJOSHI01/status/1206493513996587008 …,[]
7,"I would like to request @AmitShah @narendramodi to closed Jnu,Amu and jamia university they are not going for learning they all are there cz they want to divide India",[]
8,"nope, its because you have a life / job other than politics and are doing this voluntarily. The JNU / Left liberals are supported by ISI funds and have nothing else to do..",[]
9,"So now we know when they say WhatsApp University which place they refer to. 

#JNU https://twitter.com/IndianExpress/status/1206703416187031552 …",['JNU']
10,Next should be #JNU on the list by #DelhiPolice,"['JNU', 'DelhiPolice']"
11,"Why JNU students never leave JNU, people give them complicated problems to solve .. https://twitter.com/effucktivehumor/status/1206412161188159488 …",[]
12,Bangalore. You forgot to mention it. 70 year old students who have applied in JNU hit the streets in Bangalore near town hall.,[]
13,"JNU. AMU JAMIYA YAH SAB AATANKI PAIDA KAR RAHE HA. 
SHOOT AT SIGHT 
SAY PAKISTAN FOR THE CAB ALSO IF YOU LIKE MUSHLIM COUNTY. 
CAB. NRC IS NECESSARY",[]
14,"Nehruvian JNU, AMU etc also had the same subsidized course. Yet you went for African Anthropology. Who’d you blame for that now? Brahmins!!",[]
15,"In solidarity with the bravehearts of #JamiaMilia,  #AMU, JNU and all those taking a stand against this draconian system.

Shame of you #DelhiPolice
#JamiaProtest #AMUprotest #PoliceBrutalityinJamia #PoliceStopViolencepic.twitter.com/QEBEJwiBeu","['JamiaMilia', 'AMU', 'DelhiPolice', 'JamiaProtest', 'AMUprotest', 'PoliceBrutalityinJamia', 'PoliceStopViolencepic']"
16,well said sonam ji i don't understand why are the tax payers of india funding jnu n anu we should protest and stop the funding of these anti indians immediately @TahirGora @TarekFatahhttps://twitter.com/AsYouNotWish/status/1206167957644005377 …,[]
17,"Education was never the reason , its in mindset . 

Whether it Uneducated Jobless Youth of Kashmir or Educated and still Jobless Youth of Jamia or JNU. #Shamepic.twitter.com/U7hqVMgRwx",['Shamepic']
18,"1-vo JNU ke nhi JMI ke the
2- Vo students hi the ye confirm nhi h
3- vo tv anchor ABP News ki thi
4- dusre anchors jinko boycott kia vo zee news k the
5- wahan or bhi news reporters the
6- un reporters se students ne tameez se baat ki h.
7- bas ek taraf ki news dekhna bnd kr de.",[]
19,True something needs to be done. Hindu himself is not united. Yesterday at my workplace there was a man defending JNU aa his daughter had studied there and he convinced everyone that JNU is being pointed out because it is BJP ruling otherwise it is left oriented https://twitter.com/Pushp_Kul/status/1208804455132479489 …,[]
20,"Leftist student unions and faculty affiliated to communist party are behind the whole drama while its a shame on pro congress and anti Modi paid media to have spread lies.May be the Pondicherry University has been infected with the JNU virus.
https://www.news18.com/news/india/refused-entry-during-presidents-visit-pondicherry-university-student-rejects-gold-medal-at-convocation-2434191.html …",[]
21,That's what you learn at #JNU ? Utter waste of tax payers money to run these hostels.. Can't differentiate between Buses versus People who travel in those burnt buses Kangana talked about.,['JNU']
22,This thread on JNU...  https://twitter.com/hathyogi1/status/1209163603544178688 …,[]
23,JNU scholar or son of SIMI founder??,[]
24,"Six JNU students suspended for protesting against fee hike, JNUSU alleges https://www.republicworld.com/india-news/general-news/six-jnu-students-suspended-for-protesting-against-fee-hike …",[]
25,"JNU evicts two students from hostel for ‘ruckus in varsity’
#JNUProtestshttps://www.wefornews.com/jnu-evicts-two-students-from-hostel-for-ruckus-in-varsity/ …",['JNUProtestshttps']
26,"@AzmiShabana Left Zee Media

Dear Students of Jamia
Zee News failed on whether it is the matter of JNU, Kanhaiya, AMU and Jamia Millia incident. Channel has tried to mis lead the Nation especially on Jamia where students were beaten brutally after CAA act and upcoming NRC.",[]
27,"This thread on JNU by @hathyogi1 is an eye-opener for those who think that JNU is an educational hub producing so called ""Intellectuals"" 
The tax payers hard earned money goes to the betterment of these commie ba$tards 
 https://threadreaderapp.com/thread/1209163603544178688.html …",[]
28,"@malikfeb Left Zee Media
Dear Students of Jamia
Zee News failed on whether it is the matter of JNU, Kanhaiya, AMU and Jamia Millia incident. Channel has tried to mis lead the Nation especially on Jamia where students were beaten brutally after CAA act and upcoming NRC.",[]
29,India Gate becomes Jnu Freedom Square : Jnu community in Solidarity with... https://youtu.be/Zg74ZGx0Dwk  via @YouTube,[]
30,Only few selected capable ones can be a part of IIT’s...If Dharna karna hai toh students like him should join JNU or AMU no...There every few months some anti national or anti Hindu slogan is manufactured...Infact that’s all what the “students” do over there...!,[]
31,"JNU evicts two students from hostel for ‘ruckus in varsity’

http://bit.ly/2PPciMM ",[]
32,"Nobody:
JNU&JMI students:
*All I want for Christmas is AZADI!*",[]
33,"Hey Librandu Banerjee- There is no derth of jobs or opportunities for educated and skilled folks.For Tukde tukde Urban naxals Jhola JNU puncture chaap idiots like urself though tubeless tyres & excellent roads are the prime reasons for unemployment.

https://www.livemint.com/news/india/iits-placement-season-over-4000-job-offers-in-two-days-11575360340498.html …",[]
34,Jnu scholar that has a nice ring to it false oversimplification but who care you need to sell copy...,[]
35,"JNU scholar 
#MondayMotivaton 
If he can be a scholar, I can be Socrates!https://twitter.com/ShekharGupta/status/1209048627999457280 …",['MondayMotivaton']
36,No no all talented muslim students are only in JNU AND JAMIA https://twitter.com/Kr_Rajan__Gupta/status/1208625786850177024 …,[]
37,"This post shows you r really hitting them where it hurts.

Their truth is coming out.

#CAB_FactsVsDistortion
#Leftists
#Liberals
#JamiaMilliaUniversity
#JNU
#CAA_NRC_Protest
#PangaTrailer
#FreedomOfSpeech
#FreedomOfExpression
#INC
#PressFreedom
#CABProtests
#CAAJanJagran
#Woman","['CAB_FactsVsDistortion', 'Leftists', 'Liberals', 'JamiaMilliaUniversity', 'JNU', 'CAA_NRC_Protest', 'PangaTrailer', 'FreedomOfSpeech', 'FreedomOfExpression', 'INC', 'PressFreedom', 'CABProtests', 'CAAJanJagran', 'Woman']"
38,"JNU students hold protests over police action in Jamia, AMU https://munsifdaily.in/50665 pic.twitter.com/mXJmTq7k7v",[]
39,"But, according to me you see plenty of them. There was one girl from JNU who started threatening an elderly man. Just for asking the ""question why so low fee?"" But she was able to tell him ""Get lost"" etc. I see that JNU type institutes provide such training. Best way is 2 neglect",[]
40,Well said as these institutions misuse our tax. @PMOIndia @AmitShah  sir plz close JNU AMU& Jamia university as they trained anti national elements n terrorists and misuse our hard earned tax money. My money for development of country not for terrorists training centre Jai hind,[]
41,"Hindus, Buddhists, Parsis and Sikhs who are religiously persecuted in Pakistan, Afghanistan and Bangladesh are being granted Indian citizenship under CAA and CAB. In what way students of JNU, Jamia and Alighar Muslim University are affected by this ?",[]
42,"1997 my birthyear
unlike those eras,now students donnot give a damn abt revolution, that's why despite the best effort of liberals,the revolution has not spread beyond JNU,AMU,JU,TISS
If peaceful wasn't part of those agitation that's not my problem,even national guards in",[]
43,Why keep blaming the police only.What about MHA ?.A la JNU style attack.Then name calling including sedition http://charges.You  personally protested then.Everyone knows who is the kingpin in this planned attack.Morning walk jana hai na.https://twitter.com/sardesairajdeep/status/1207313096634753025 …,[]
44,"Your one tweet has revealed quality of education standards of India. Specifically, JNU. CAA isnt against Indian Muslims but exclude Muslim from neighborhood countries since, none have been perscuated religiously in thease countries. You want to include one who doesn't exist. https://twitter.com/mehartweets/status/1206699375801634827 …",[]
45,"More importantly, these students parents have paid a bomb to these universities, unlike these 'Fookatchands' in JNU and like universities.",[]
46,"#CABProtest
#CABAgainstConstitution
#CABBill
@INCIndia 
dont compare, BHU has RSS/BJP facist members, JAMIa, JNU, IIT, AMU and other all Students are future stars of india, to divert the peoples mind, bjp police arrested 10 people to create fear, students do until final result","['CABProtest', 'CABAgainstConstitution', 'CABBill']"
47,"Take @ndtv help for more shouting. Nothing going to happen as you expect. Take some more help from JNU, Kannaiah and Madam B, RS, SG and others. Buy the way have you any medals to return?",[]
48,"As a student of jnu, I am proud to see you speaking in favour of students. The violence is a subject to debate but people should ask why even protest. Students are protesting to save the nation. I see many nonsense people commenting on violence. They should know types of violence",[]
49,Compare this with the punishment (lack of) of real gundagardi in JNU.,[]
50,No Sir ... because there are teachers in such colleges not Lefty radicals out to make a political quick buck like in JNU AMU JMI,[]
51,"Lest we forget.
#CAA_NRC #CAA2019 #WeThePeople #IndiaForIndians #JamiaMiliaIslamia #BHU #AMU #JNU #Protest #Secularism #EqualityForAll #ConstitutionofIndia #Ambedkar #BJP #BurningNation #CAAProtest #Democracy #CitizenshipAmendmentBill #CitizenshipAmmendmentBill2019 #CABBill #INDpic.twitter.com/fQai104qRo","['CAA_NRC', 'CAA2019', 'WeThePeople', 'IndiaForIndians', 'JamiaMiliaIslamia', 'BHU', 'AMU', 'JNU', 'Protest', 'Secularism', 'EqualityForAll', 'ConstitutionofIndia', 'Ambedkar', 'BJP', 'BurningNation', 'CAAProtest', 'Democracy', 'CitizenshipAmendmentBill', 'CitizenshipAmmendmentBill2019', 'CABBill', 'INDpic']"
52,"I suspect the hands of the below party in fanning and inflaming passions in AMU and JNU against India. 

students should mind their studies and not indulge in stone pelting and destruction. pic.twitter.com/2Ejs27QsXL",[]
53,"Many are opposing Jamia,AMU,JNU just because they or their ward could not get admission into it,keep trying, May your next generation could make it and realise the value of quality education. You are too ignorant to comprehend.#BJPLiesOnCAA
#IndiansAgainstCAA
#JamiaAmufightback","['BJPLiesOnCAA', 'IndiansAgainstCAA', 'JamiaAmufightback']"
54,"Just like the IITs. It's the Humanities who are protesting, not Engineers. But the headlines will only mention IIT. 

Zero Loss was a doordarshi when he introduced non-engineering streams into IIT, complete with JNU educated faculty.",[]
55,"The S.S.P should be prosecuted who assured the students of Carrying the protest and even promised to be with them for 40 days, if the protest gets prolonged 
He comforted the students by saying that he himself was from JNU and took parts in many protests.",[]
56,"Mothefcuker don't have brain just shut the fcuk up don't have brains , living in shit holes and being uneducated , jamia,iim,jnu,amu are one of the top colleges in India and u can not even set foot there , because of your.....",[]
57,"Divyanshu bro ye saurabh dalla hai.....I have personally seen many of his utube journalist using very hatred filled pics and comments on Instagram n fb.
Haan woh jnu waali baat Theek hai ki u can't defame 10-15k students for protest by 100-200 but phir bhi ye saurabh dalla hai",[]
58,"These are quacks who escape from their country and ordinary life, only in search for better exchange rate and high value life in garb of some socio-acadmic work. We have many such social warrior worms lying in JNU for years on taxpayers money.",[]
59,"And if u cant justify all men collage and all women collage then trust me no one can teach u anything.. and their r rich and communist trans jnu type who spend life in drugs and shit,,, and their r other who want to achoeve something the need hope most of them face bad situation",[]
60,"This leftie advises
Start a conversation with

Students ?JNU ?Rana Ayub
People's organization ? Kavita Krishnan
Opposition ?Rahul ?Thackery

And also
'innocent believes of RSS and BJP' ???THE NATION THAT VOTED NAMO? https://thewire.in/politics/modi-economy-caa …",[]
61,"Really jnu why am I not surprised ??
Sare naxali wahi hai paid by taxpayer",[]
62,This idiot forgot to mention that they are able to study in JNU / JAMIA type places from the money we pay as tax.,[]
63,Finally. What BJP MLA was looking for in JNU. https://twitter.com/gandogujrati/status/1209582227190951938 …,[]
64,"After Seeing lot of #Sanghis masters of their field.

 #Left #Liberals are hesitating to tweet

"" Left & Liberal here ""

Profession - 
1 Student - Enjoy decades  - JNU
2 Journalism - praising Gandhi family
3 NGO - for propaganda, hate Hinduism
4 Jobless - Protests","['Sanghis', 'Left', 'Liberals']"
65,"Dekhiye is namune ko isko follow kaun Kar raha hai Prashant Bhushan (A.K.Hangal) aur Yogendra Yadav urf  Saleem.
Same team of Commie-islamists-jesuit gang which is keen on breaking India and instigating the Muslim crowds to come on streets . 
Are you also from JNU",[]
66,Answer to What is the PhD thesis of the Kanhaiya Kumar of the JNU fame about? Did he write it himself? by Shree Nidhi https://www.quora.com/What-is-the-PhD-thesis-of-the-Kanhaiya-Kumar-of-the-JNU-fame-about-Did-he-write-it-himself/answer/Shree-Nidhi-1?ch=2&share=4064ddfa&srid=JTso …,[]
67,"This is what happens at JNU. Till 40 they enjoy on taxpayer money and when nothing is left,  shout anti India slogans to get attraction of political parties and make a political career. What do they study till 40? People get degrees by 28 and a good job too. Be it any profession.",[]
68,"#SupportCAA 

I am a true ""sanghi""
I topped my http://B.Tech  back in 1984, 
GATE score of 99.4%, 
http://M.Tech  (EE, Computer technology) IIT Delhi, topper.
My best choldhood friend in JNU (who taught Economics  to Pappu in DU) knowtowed to me.

1/2",['SupportCAA']
69,Bhai ... She is teacher in JNU ... what do u expect from her.,[]
70,"yes Miss jamil ... That's what JNU teaches ... don't say anything to people who chanted slogan...
 but if police give answer in the same language ... then they are criminal.
You are a teacher in JNU ... now we know why JNU is bastion of such anti national people.
Shame on you.",[]
71,"The girls protesting in crowd are my school classmate Dolan Samanta and senior Sneha Ganguly, both jnu wallahs now - the most vicious, violently communist, brainwashed duo i know. Zero empathy for these kinda people - i hope they are dealt with appropriately.",[]
72,This women empowerment make us salute. Not the one raising slogans in JNU  https://twitter.com/ANI/status/1210927754528473090 …,[]
73,Sir u r a Legend.We respect u nd we Love u.aur JNU ko to pura Hindustan Gali deta hai dont take them seriously.,[]
74,"Aur jo Nazi inspired Khakhi shorts pehenkar Pradarshan karte hain aur jo kuch din pehle hua? Kahein un sabko chale jao jahaan Hitler Bhai hain ab,ya Hitler ke Germany?! 
For all we know these are doctored.Just like videos of students from JNU were reportedly doctored in past. https://twitter.com/zoo_bear/status/1211015850498506752 …",[]
75,Not surprised at all as their chelas threaten all freedom and normal life in institutes like JNU/JU/JMU. This is thuggery and violence and Indians do not have to suffer this torture.. https://twitter.com/ARanganathan72/status/1211003657640013824 …,[]
76,"For your kind information, I already wrote in the thread that I went in Jamia Protest for Kashmir cause, read properly first,  Jamia, JNU did, but you don't want to see, not a single Kashmiri elite joined the protest, if you don't know, you should be silent.",[]
77,S2u sir,[]
78,"Jamia , JNU & AMU are pox on tax payers money they shd be closed, btw here Jamia students r doing taqiya.",[]
79,"Bastion of rogue freeloaders like #JNU , #AMU & #Jamia needs to be either demolished or reforms to extent, they at least understand meaning of #secularism","['JNU', 'AMU', 'Jamia', 'secularism']"
80," “24 Women Licking Service Delhi NCR 9876010894 JNU Escorts gigolo Club”

https://twitter.com/i/moments/1212157657903071232 …",[]
81,"JNU,AMU become terrorists manufacturing universitys they are not students",[]
82,"How was New year party in JNU? Ppl talk like this after overdose of some intoxicants. Now say 
#जयहिंद
#भारतमाता_की_जय
#IndiaSupportsCAA","['जयह', 'भ', 'IndiaSupportsCAA']"
83,India strong student protest continues at Freedom Square JNU University. https://youtu.be/77ZLE9rGwsw ,[]
84,Happy New year,[]
85,"Happy New Year to each and every one of you. Have a wonderful year! 

#Welcome2020",['Welcome2020']
86,"Good let them not register
Easy for government to close down JNU. High time we close this antinational den https://twitter.com/IndianExpress/status/1212110041236439040 …",[]
87,"309 VS 130 crores match going on since CAB singed by President.

Team 309 is facing good line & lenght of 130 crores bowlers.

Specially JNU & Jamiya Miliya.

Operner Modi & Shah are still on wicket.

Score.
Overs  Wicket  Runs  
  10           0          0",[]
88,FL Studio 20.6.0.1458 Crack with Reg Key Full Free Downloadhttps://rootcracked.com/fl-studio-20-6-full-crack-reg-key-download/ …,[]
89,"@Shehla_Rashid I don’t think so if ur a muslim dey wont hire u,real fact is ur education important,ohh I forgot ur JNU pass out den literally ur education is least competitive in this innovative world pls do some other practical course",[]
90,How can you become so dumb! Might be from JNU,[]
91,"In his lawsuit, former JNU student alleged that the book published by Patna-based Asian Development Research Institute (ADRI), through its Member Secretary Shaibal Gupta, and endorsed by Kumar, is a plagiarised version of his research work.

http://bit.ly/36owY4l ",[]
92,"The University of Hyderabad cancels JNU Professor Ajay Gudavarthy's Lecture ""Is India Intolerant?"" - Prof Gudavarthy doesn't need to explain whether India is intolerant or not anymore, the University of Hyderabad has already answered it!
#RoadToEndia2020pic.twitter.com/cBptTpGfJi",['RoadToEndia2020pic']
93,"Hey, thanks for sharing this thread from @avatans. Read the whole version here: https://threader.app/thread/1212081884198506496 … #2019inReview #NPR #HowdyModi #JNU","['2019inReview', 'NPR', 'HowdyModi', 'JNU']"
94,"So you mean to say no need to recover, let anyone damage public property without any fear with political help.. Jnu should have in u.p  it would have become national by now",[]
95,What did you want? Secularism to oblige your fundamentalism. In cohorts with Kashmiri millitants you wanted Govt. of India to oblige you. Girl do not try to grow beyond your boots. Try to study & pass out from JNU. You living in JNU on my money which I pay in tax.. please behave.,[]
96,"Says Shehla Rashid . The one who spent all her life as a free loader at JNU , living on tax payer funded welfare,80 percent of which were paid by Hindus https://twitter.com/Shehla_Rashid/status/1213032478572601344 …",[]
97,But u still avail subsidies in JNU. Why should it be continued. Instead why that money not be used for poverty alleviation,[]
98,"Students wearing masks entered centre, turned off servers: JNU http://toi.in/AR5oWb ",[]
99,#India JNU Admin Says Students Agitating over Hostel Fee Hike Hampered Semester Exam Registration Process http://twib.in/l/RERL655n9yyn  #News #Bharat,"['India', 'News', 'Bharat']"
100,"This is not an educational institute,  it's a militants training center. JNU should be shut down",[]
101,"The JNU administration on Friday alleged that some students wearing masks forcibly switched off the power supply to make the ""servers dysfunctional"" and hamper the semester exam registration process.

https://www.thequint.com/news/education/jnu-adminstration-alleges-some-students-disrupted-semester-registration-process-cut-off-power …",[]
102,Really don't understand the Jingoism... Boy with national flag is not even safe. Who killed him? Isn't that the persecution of a particular community in India? Literally it's enough... Just ,[]
103,"At least apologise to your parents 
Thank youhttps://twitter.com/SenSanders/status/1213063708043366400 …",[]
104,@Shehla_Rashid useless shouldn't be thrown out of jnu,[]
105,3 rd treatment a must for ppl like them at #JNU. Next time they should think a thousand time to act against system,['JNU']
106,"Javed uncle zyada tension na lain everything is under control of our LEAs. It was not a state sponsored pogrom of minorities like Golden Temple by Indian Military. Or what's going on in   Kashmir for the last 150 plus days, what yogi Jee is doing in UP or state did with JNU AMU",[]
107,"PhD in African studies , do Koudi ka aadami, he can never get a job anywhere . He is Rahul Gandhi of JNU",[]
108,"Yes I agree but for that we have to kick all this Congress historians from JNU, Guha, Nandy and all khan market gang https://twitter.com/nair_hena/status/1213204178215952385 …",[]
109,"Hint : Nehruvian Socialism 
The drug that has for decades produced JNU styled imbeciles ",[]
110,then why only  JNU ? why not whole Indian school  college?,[]
111,Now where Jnu protester I can't see them you shameless people,[]
112,"Shut the damn thing down @PMOIndia @HMOIndia @HRDMinistry Enough is Enough ! I don’t want my tax money to be wasted on these scoundrels at JNU , Jamia n AMU .. shut these useless hubs down which produces mostly shitty products",[]
113,"@IAF_MCC @DefenceMinIndia
Next time you bomb #FailedState Pakistan, can you drop a bomb or 2 on JNU and AMU please?
We will pay for those bombs",['FailedState']
114,Now JNU has got a chance to get rid of the educated terrorist and keep its prestige high for getting a place in QS ranking,[]
115,"All this people are designated as scholars or intelligencia or historians are given this status by Commie-islamist-Jesuit break India gangs.
From hese same Commie-islamists-jesuit  gang also nominated Umer Khalid as JNU Scholar.
These are all crooks",[]
116,We will. But ask Ur uncle @ArvindKejriwal & Co. not to go to #JNU to stand in support of  ‘Bharat tere tukde honge’. Ask your leaders not to go crying to SC in the middle of night to save a terror convict like AfzalGuru. Stop sympathising terrorists just bcoz they’re muslims.,['JNU']
117,"This one is epic#narender modi,##narendermodi #MumbaiAgainstCAA #AajNews #Aajtak #ABVP #Hindus #SoniaGandhi #Congress #BJP #congreekevichaar #AAM #PoliticsLive #YogiAdityanath #JamiaMilliaUniversity #JNU #educationpic.twitter.com/9Ms3fC0qeW","['narender', 'narendermodi', 'MumbaiAgainstCAA', 'AajNews', 'Aajtak', 'ABVP', 'Hindus', 'SoniaGandhi', 'Congress', 'BJP', 'congreekevichaar', 'AAM', 'PoliticsLive', 'YogiAdityanath', 'JamiaMilliaUniversity', 'JNU', 'educationpic']"
118, lmao... this is unbelievable.... it’s good though... I was waiting for the news of @DelhiPolice entering JNU and the leftist crying over it,[]
119,"And same Sitaram Yechury had supported JNU students when they called Afzal Guru wasn't a terrori$t who attacked our Parliament & celebrated his death anniversary in JNU & very recently, they insulted even Vivekananda ji in the campus & of course Indian Army as well..
Shame.",[]
120,"There is no NRC ACT. NRC IS PART OF CITIZENS ACT. IN ASSAM IT WAS SC THAT ORDERED NRC TO BE IMPLEMENTED. HAVE TO QUESTION, THE STANDARDS OF EDUCATION IN INDIAN UNIVERSITIES LIKE JAMIA, JNU WHERE MAYHEM IS BEING CAUSED.",[]
121,"Not Surprising that it is most of them, bcoz RW excels at productivity in STEM whilst Left and their ilk warms money devouring chairs of pseudo science called Humanities(7 yr Phd at Jamia, JNU, AMU comes to mind) and go on to become Academicians and Intellectual Opinion Maker.  https://twitter.com/anarparikh/status/1207789378845761537 …",[]
122,This is a very old video from JNU protest. Stop spreading false videos.,[]
123,"TISS is known to be a brainwashing centre, like JNU",[]
124,"Three years ago, they were scared to hear ""freedom"" from the JNU campus, now the slogan of ""Freedom"" is echoing across the country.
#India_Reject _CAA",['India_Reject']
125,"The JNU Teachers' Association (JNUTA) said the administration has to undertake measures to restore normalcy in the varsity.

https://www.thequint.com/news/india/students-boycotting-exams-will-not-be-eligible-to-register-in-next-sem-jnu …",[]
126,"Yes, this CAA wouldn't have changed electoral arithmetic by much if only Cong had the common sense to not overplay the protests. This gives bjp a splendid opportunity to paint Cong as anti-H just like Rahul's idiotic support to JNU tukde gang damaged his image as a nationalist.",[]
127,"I m proud you said that. Aaj JNU, AMU and JAMIA k sath pure India ki Universities hai. Or aaj pure desh me JNU wale nare lg rhe hai.",[]
128,".@NewYorker has an interview with the JNU Political Science Professor, Niraja Jayal, on citizenship amendment act in India and the protests following that. A must read to get a perspective on how the act can turn into disenfranchisement of Muslims in India! https://twitter.com/IChotiner/status/1207363878188797952 …",[]
129,"Problem Solving at JNU https://youtu.be/yKram_JnAZ8  via @YouTube
FUTURE FOR YOUTH",[]
130,"Out of 800 universities ... Jamia and JNU 

Do u see IIM' protesting ? They are more likely to explain the bill to you when u meet them. Left leaning Scholars and Historians ! There are plenty nationalist scholars and historians supporting it.",[]
131,The girl must be the #JNU type! ,['JNU']
132,"Hello, wake up. Do you think downtrodden were in India only? Yet no country supports reservation. Now, education is a basic need and should be free or affordable for all. Off course should be controlled unlike JNU. Why do we need reservation then.",[]
133,Someone questioned amit shah about the CAA and the independent constitution of India .they said we want azaadi with typical jnu azaadi song And Amit shah replied in this manner https://twitter.com/AmitShah/status/1207234125628706816 …pic.twitter.com/oiqPyTfDkV,[]
134,"Kanhaiya kumar how many times times you failed and are still in JNU reveals that you do not understand,who said you that Indian constitution is not protected people like you are spoiling.people like you be put behind the bars first https://twitter.com/kanhaiyakumar/status/1207541547681689600 …",[]
135,@ReallySwara Ur JNU slogans were awesome. JNU has reached everywhere. One lesson that JNU s teaching to understand Ur rights and to stand for them.,[]
136,"Jesus always proclaimed Unconditional Love, Joy, Peace, Forgiveness. And it's very loud & clear. That JNU and this JNU should not be interrelated & highlighted. That's what I feel.",[]
137,"Dont provoke and get royally thrashed 
Remember jnu",[]
138,"AMU: Anti national. 

JNU: Anti national. 

Jamia: Anti national. 

Hyderabad Uni: Anti national. 

DU: Anti national. 

Jadavpur Uni: Anti national. 

Protesting campus: Anti national.

Seems the only nationalist universities in India are JIO university and WhatsApp university.",[]
139,"If you're boycotting Deepika's movie Chhapaak which is based on the story of those brave and beautiful acid attack survivors, and gives courage to other survivors to live freely, and love themselves just because she stood with JNU.

Trust me tumse bada koi chutiya nahi hai...",[]
140,Shamelessly saving goon Why u hesitate to name then as goon of left & TMC ? In JNU U named ABVP from same moment as gospel or as expected open ur mongering on a payment from Pidi dynasty Now naked display of utter modus operandi of anarchy as failed to sell urban naxals agenda,[]
141,"All Aartis, Chalisas, Shlokas, Sunderkand and More! For #Hindus Devotees

Any #devotional prayer, Available Anytime, Anywhere
#JNU
#Chhapaak
#BiggBoss13
Amazon Kindle: https://tinyurl.com/srqsovz 

Purchase at Amazon India (Rs.131) :https://tinyurl.com/sxla2ur ","['Hindus', 'devotional', 'JNU', 'Chhapaak', 'BiggBoss13']"
142,"#StandWithJNU Chief Justice Delhi High Court: Ensure Fair Inquiry into JNU Attack, Identity of Attackers and Complicity of #Delhi Police - Sign the Petition! http://chng.it/BLt6rbst  via @Change","['StandWithJNU', 'Delhi']"
143,"Fear in Pakistan about JNU , so students of Pakistan going have a Violent AGITATION in support of urban Naxals , #TukdeTukdeGang of  #JNUHiddenTruthhttps://twitter.com/aajtak/status/1214769389016207360 …","['TukdeTukdeGang', 'JNUHiddenTruthhttps']"
144,"All Aartis, Chalisas, Shlokas, Sunderkand and More! For #Hindus Devotees

Any #devotional prayer, Available Anytime, Anywhere
#JNU
#Chhapaak
#BiggBoss13
Amazon Kindle: https://tinyurl.com/srqsovz 

Purchase at Amazon India (Rs.131) : https://tinyurl.com/sxla2ur ","['Hindus', 'devotional', 'JNU', 'Chhapaak', 'BiggBoss13']"
145,This is very shameful for Deepika padukone. She should not stand with anti national elements of JNU university. Those who are doing all the illegal and anti national activities and are residing there for the last 1-2 decades in the name of studies.,[]
146,He did not say a word in condemnation of the JNU thuggery. But you jump to his defence. Remember @Iyervval?,[]
147,I am wondering whether I should go to JNU..will it help increase the sales of  https://www.amazon.in/Retire-Rich-Invest-Rs-40-Day/dp/9387860310/ref=asc_df_9387860310/?tag=googleshopdes-21&linkCode=df0&hvadid=396985775022&hvpos=1o1&hvnetw=g&hvrand=3302257826493472184&hvpone=&hvptwo=&hvqmt=&hvdev=c&hvdvcmdl=&hvlocint=&hvlocphy=9040246&hvtargid=pla-730309167531&psc=1&ext_vrnc=hi …,[]
148,"JNU student knows he would be funded by #UrbanNaxals Far left parties if he hv been spotted while throwing stones firing bullets on police or burning buses, public properties, abusing Hindus and heling Tukde Tukde gang. Can't compare IIT/IIM students with JNU goons",['UrbanNaxals']
149,"@Alok82842691 @AmitShah @narendramodi @ZeeNews 
We love Amit Shah, India Need you.
JNU का सॉलिड इलाज ढूंढो सर, 
Stop student Union election.
Reach out to parents of these bastards. It should help. 
Jai Hind",[]
150,"Doesn't it require deep insight to why always JNU is in news for one reason or the other whereas there are many other universities much older and reputed than JNU exist?
#JNU",['JNU']
151,"JNU students dont study? Bloody hell, everyday there is something in that Uni notthing related to study and whole anti national gang joins this illiterate JNU idiots",[]
152,Hey guys supporting or opposing deepika for JNU visit.Understand She knows very well creating controversy just before the release will promote the movie like no other media can.She already witnessed success of Padmavat so she did this.Its all Money Babu #DeepikaPaducone,['DeepikaPaducone']
153,"Watch: Pakistanis extend support to JNU students in Lahore, chant ‘halla bol’ in solidarity against PM Modi https://www.opindia.com/2020/01/lahore-univeristy-pakistan-support-jnu-faiz-hum-dekhenge-video/ …",[]
154,Chutiye jnu ki baat kar. Dont divert from mudda.  Aur free kashmir from internet blockage and give basic amneties what is promised with so called presidents hastakshar.  There was no banner which says seperate nation to kashmir as you are vomiting in above video,[]
155,"by 10th of Jan the JNU ""movement"" will be over. New CM would be in place, or the same CM could be re-elected without any ""support"" from outside I presume?",[]
156,"""Chitranganda""  seriously ???
So called pseudo JNU Scholars  https://twitter.com/IshitaYadav/status/1212208431790059521 …",[]
157,#SanghiTerrorists #Sanghis RSS is the largest #NGO in the #world. It is vilified as an #evil #organization but then it invites people with opposing views to #learn. But the #freespeech centre #JNU frowns upon any #rightist views. http://bit.ly/2BVCW1E pic.twitter.com/IvVjD1zTQh,"['SanghiTerrorists', 'Sanghis', 'NGO', 'world', 'evil', 'organization', 'learn', 'freespeech', 'JNU', 'rightist']"
158,JNU to continue with registration boycott https://indianexpress.com/article/cities/delhi/jnu-to-continue-with-registration-boycott/ … via @IndianExpress,[]
159,Close these places they are going the JNU way ,[]
160,Close these places they are going the JNU way ,[]
161," Right, Media is a joke now, Good old days of 8:30 PM doordarshan news.

Thank you for the insight, I’ll be more respectful in future as i know the truth now. just offended a History PhD uncle from JNU ",[]
162,Why Multiple Sexual Partner Relationships Increasing in Society? - JNU Girl Asks Sadhguru https://www.youtube.com/watch?v=v4NTsCE9RQk&feature=share …,[]
163,"Kashmir 
Assam
JNU
Jamia
Aligarh
Women
Children
Atrocities 
Blood
Violence.

Bhakt : Bus? WHAT ABOUT THE BUS?",[]
164,Yes we never give ajaadi to dangai because we want free india from some antinationals like jamia amu and jnu.,[]
165,U r a used condom what U cleaned in JNU...remember that naaa,[]
166,Superb!This future India....not the freeloaders of JNU or AMU https://twitter.com/RD_BANA/status/1212475175028977664 …,[]
167,Happy new year Sir ,[]
168,"It’s so disheartening to see a good education institute getting defamed by handful of people again and again.

because of this ,opinion about JNU is so bad in other colleges\institutes.

But this is never ending.",[]
169,"Happy new year Honourable @narendramodi Jii.. 
",[]
170,"@AankhiGM @RahulGandhi @Vrattangoyal with due respect after watching Finance minister on TV JNU band kr dena chahiye for better development of this country @Shehla_Rashid Hum ab bhi sharminda hai JNU tune in namuno k saath kya kya kinda hai, sabhi students woh bhi itne duffer",[]
171,"Not often bt yes this happened. It is worse fr the hostelrs who hav to bear with thm 24x7, especially during student union elction days. Bt you all dont hav to shut down jnu fr that! I studied Sciences and they have good profs and curriculum and students genuinely there to study",[]
172,Happy new year 2020,[]
173,Maybe JNU ! ,[]
174,"Under the leadership of JNUSU, after khand wise GBMs, the students of JNU have taken a strong decision to completely boycott winter 2020 semester registration until the fee hike issues and illegal taken actions against innocent students has solved properly.
StudentsUnityLongLive",[]
175,"Lol..:) I don't think he knows much on Ambedkar stuff than his degrees

Nw Kahaniya Shehla rashid Umar khalid,JNU r new leaders  with Jihadi-Dalit-left-liberal identity in India.Forget Ambedkar.He is just a tool for dalit politics.Sad state of Indian politics

Nw BJP Vs Anti BJP",[]
176,"Even in JNU, Science dept overwhelmingly support ABVP. Commies & Congies have expoited Indians for decades. Now we are done with these crooks. Commie cadre has been decimated, reduced to 5 in Loksabha (DMK support), even CPM general secretary couldn't be re-elected to RajyaSabha.",[]
177,There is a FEAR in the air. #CAAProtests #UPPoliceKillingPeople #Fascism #savedemocracy #JNU #Jamia #pu #delhi #Kashmir #IndiaAgainstCAApic.twitter.com/6uR53aE5wu,"['CAAProtests', 'UPPoliceKillingPeople', 'Fascism', 'savedemocracy', 'JNU', 'Jamia', 'pu', 'delhi', 'Kashmir', 'IndiaAgainstCAApic']"
178,"So called intellectuals to support always anti nationals and so called collage students who are in JNU for decades shouting slogans to divide India and for freedom of Kashmir. 
Shame who support them.",[]
179,Melania was from JNU ,[]
180,"To hell wth ""Unity In Diversity"";this slogan's coined by antiHindurva,1st PM,(appointed by Crown & Not Elected by People)Nehru to enable Muslims retain their foothold in Hindu Hindustan,instead of emigrating to Muslim Pakistan.CLOSE AMU,JNU,JMIU& All Breedingsrounds of Seditions",[]
181,"The truth abt JNU & why the diligent Taxpayers should speak in one voice to close this useless institution of parasites who enjoy their life on benefits 4 drugs money liquor, sex n more-a shameless section of society that is anti national to the core-idiotic stupid foolish N bore pic.twitter.com/XRsuEnixRB",[]
182,"Add Jadavpur University to the list of “Graduates from Jadavpur” need not apply ,along with JNU , AMU , Jamia . Deny them jobs , deny them passports,deny them any opportunities. https://twitter.com/anirbanganguly/status/1210606741022371854 …",[]
183,"The truth abt JNU & why the diligent Taxpayers should speak in one voice to close this useless institution of parasites who enjoy their life on benefits 4 drugs money liquor, sex n more-a shameless section of society that is anti national to the core-idiotic stupid foolish N bore pic.twitter.com/Mqu7LrBUd6",[]
184,"The truth abt JNU & why the diligent Taxpayers should speak in one voice to close this useless institution of parasites who enjoy their life on benefits 4 drugs money liquor, sex n more-a shameless section of society that is anti national to the core-idiotic stupid foolish N bore pic.twitter.com/gVXSjdWfdD",[]
185,he hardly looks 25 year old.  impressive young man  with alphaness oozing allover. haryanvi hai kya? 1 guy like this is enuf to fix a 1000 JNU duffers. https://twitter.com/IntrepidSaffron/status/1210118020862894080 …,[]
186,Another shining JNU grad,[]
187,"Let us all wish the Arun Jaitely on occasion of Birth Anniversary  who was successful as Student leader at JNU,as advocate at the age of 37 ,Solicitor General Of India, as finance minister.@RSSorg
@narendramodi @AmitShah @rammadhavbjp @PMuralidharRao @kishanreddybjp @RaoMlcpic.twitter.com/IC3ggNuhgd",[]
188,The difference between Anna/Nirbhaya protests in UPA and the CAA/Jnu feesHike in NDA is that the former had public sympathy for the cause.,[]
189,Also add Shashi Bhushan to the list of the young stalwarts of JNU. There are many but these are some that can turn the tables around,[]
190,Most of our universities have long lost the faculty tht produce thinking minds. Modi is killing JNU & other universities but we have killed ours. There are some young teachers here and there but environment is generally poor.,[]
191,"U are very much Indian @RiaRevealed  if you have Citizenship by any means.

Just remember that people wanting to break India in JNU are also very much our own. That's the beauty of a democracy. You can shit and eat in the same plate.",[]
192,.@MD_Nalapat an esteemed academician wanta MHA to do this with #NPRForIndia?? really? if you think lile this should we be surprised with JNU teacher quality! WHEN is there any 'right time' in India - especially when this Govt has so much to do & so much filth to clean ? .@NewsXpic.twitter.com/Aw4SeWKCva,['NPRForIndia']
193,"Most vella student of the nation - @kanhaiyakumar ! He stills studying in JNU university! 

He is talking about ideology? Are you serious? https://twitter.com/kanhaiyakumar/status/1210471993725931520 …",[]
194,What is Manuvadi? Where it is practiced to get the freedom from? Is it practiced in JNU? Any cases reported from JNU which is against constitution?,[]
195,I will not advise her anything as I think she won't understand. I will ask her the full form of JNU ,[]
196,"JNU UNIVERSITY SHOULD GET BANNED  STUDENTS ARE NOT THERE THEY ARE POLITICAL People . And those who are a real student because of this many incident they are not able to student. 
I tell that student please change ur university and banned this university",[]
197,In all this drama has anyone seen gandhi parivar anywhere. Any dharna morcha etc. NO right. Coz thy know that v hv ignited the fire and all these Bollywood JNU and ghulams will take it forward. Lets jus chill and watch the drama. #TukdeTukdeGang #Deepika,"['TukdeTukdeGang', 'Deepika']"
198,"Deepika Padukone seen today at JNU supporting these leftists goons, why didn't she came in support when these leftists destroying the campus why didn't she came when these leftists beat ABVP student's why now? this explains everything #DeepikaPadukone #LeftKillingJNU #Chappak","['DeepikaPadukone', 'LeftKillingJNU', 'Chappak']"
199,Are you also in line to share dias at JNU ?,[]
200,How much did you get paid deepika for this JNU stunt? #BoycottChhapaak,['BoycottChhapaak']
201,Discover Inside: Alia Bhatt on JNU violence:‘It’s time to quit pretending that all is fine’ – Hindustan Instances https://www.proangrez.com/alia-bhatt-on-jnu-violenceits-time-to-quit-pretending-that-all-is-fine-hindustan-instances/ …,[]
202,"@Nidhi Normally, avoid watching an anti national tv channel like NDTV ! Accidentally, saw u arguing in favour of Tukde Tukde Gang with some other lady ! Shocked by you totally one sided, partisan batting for the attackers in JNU !

U claim yourself as a Journalist ? Shame on u !",[]
203,I don't think Deepika Padoukone ever did..she avoided all meetings with him...and last night stood with JNU..big message. But I hope the others do..it does help for everything adds up..,[]
204,"Please explain how this is a risk?? Seriously how? She visited when it was clear that the whole country is siding with the JNU students. If anything, this is phenomenal PR with spot on timing. Stop glorifying this piece from @deepikapadukone",[]
205,I am sure @deepikapadukone  was forced to go to JNU by D! And hope it's not her will  #ISupportDeepika,['ISupportDeepika']
206,"What Deepika wants to proof. Is she against Nation. Because now JNU campus divided in two groups....Pro Nation & Anti Nation 
#bycottdeepika",['bycottdeepika']
207,"There are many women who are not on Dawood's pay roll who do not support JNU, the den of free loaders and Urban Naxals. They are the hardworking people who work for a living and are not on the take of ISI, Vatican or Dawood.",[]
208,"Deepika Padukone Visits JNU, Stands With Students Attacked On Sunday - NDTV https://www.ndtv.com/india-news/deepika-padukone-visits-jnu-stands-with-students-attacked-on-sunday-2160313?amp=1 …",[]
209,Then it's even more understandable why she is doing it. As a producer she has to handle the media publicity too. And bitches like Darkha Butt will publish this JNU stunt with full steam. And don't even ask about radicals like Rana Ayyub. She will put a dildo in her ass.,[]
210,I doubt that there is a sleeper cell of RSS running the congress and thats why there is not outrage on CAA or JNU either,[]
211,What is JNU movement all about free kashmir or india go back !!! Lol,[]
212,"Why u type excuse me..
As always just type ur bad words without any matter what language u use or not..
Nd yes I agree jnu is tukde tukde gang ..
No doubt some of students who belong to jnu they just live in India but they are from Pakistan by mentally",[]
213,"Leftists blood is deep in JNU, they create nerrative & librandus spread it https://twitter.com/SushmaAnand89/status/1214463100214108161 …",[]
214,It's not ur fault...it's JNU effect. @ReallySwarahttps://twitter.com/ReallySwara/status/1210092063347228672 …,[]
215,"What bald faced lie. He has not called any college student tukde gang. But a small section of middle aged ""students"" in JNU, Jadavpur etc are definitely part of Tukde gang. The so called ntellectuals are most definitley Urban Naxal though.",[]
216,Nobody gets on JNU ballot and joins Shah Faesals party without supporting the Indian state,[]
217,"One more memories of #BangaloreAgainstCAB #BangaloreProtests 
Women India Movement protest against #CAA_NRC and Solidarity #Jamia #JNU & #Mangalorepic.twitter.com/F4RgTgMS3W","['BangaloreAgainstCAB', 'BangaloreProtests', 'CAA_NRC', 'Jamia', 'JNU', 'Mangalorepic']"
218,"Its time to introspect why on 150th anniversary of Gandhiji, you want lawful non-violent peaceful protest to get disturbed

Your masters are already trying to taint JNU,Jamia,AMU etc wilfully

Please spare JU & other Bengal universities",[]
219,"First time in India, Army Chief Vipin Rawat used his right to expression. If Bollywood, Students of JNU, CEOs & MDs of Companies, Journalists, Media, Politicians, etc. can use this right, then Army Chief Why Not??? #diplomaticguru #VipinRawat #ArmyChief #NarendraModi #AmitShah","['diplomaticguru', 'VipinRawat', 'ArmyChief', 'NarendraModi', 'AmitShah']"
220,"@AmitShah Tukde Tukde Gang has flourished in India  mainly due to no action on part of government even after JNU incident where till today nobody has been punished !

Start the process from JNU, the birth centre of the movement ! https://twitter.com/aajtak/status/1210191736623923200 …",[]
221,"Oh come on!

He has earned it for teaching Pak and Gandhi family a lesson before the elections. 

Only people complaining are anti national JNU students who dont want to pay higher fee and help support our fashion... https://www.facebook.com/vineeth.naik/posts/10157935564202495 …",[]
222,"A child abuser and JNU pimp is giving gyan on NRC, need new batteries for vibrator",[]
223,"ashoka university is just jnu plus ""finance consult"" pipeline",[]
224,"Are v cud expect same draconian charges & violence as seen in AMU Jamia JNU, probably not but can't say anything under new devil Yogi
Difficult to weigh who's bigger devil Modi or Yogi but de r
Deeply Pained, Aghast 51 BHU Teachers On Citizenship Law

https://www.ndtv.com/india-news/deeply-pained-aghast-51-bhu-teachers-on-citizenship-law-2154921 …",[]
225,"Would never employ anyone from JNU, Jadhavpur.",[]
226,Youth! You mean those 50 yr olds who've been doing time and supposedly phds at jnu? Indeed those are the ones holding India back.,[]
227,"That means Swara is quite insightful and shrewd who is not afraid to speak the truth and give her honest opinion even though she is from bollywood, an industry filled with dissolute cowards. DNA of JNU persists no matter which profession you take up.",[]
228,"Three jokes in one liner, this guy is better comedian then Kapil Sharma
JNU
Scholor 
Umar Khalid",[]
229,"Trust me, the Congress Party & JNU are freaking out for all the right reasons. pic.twitter.com/8w427GGOr1",[]
230,"Stay safe. 

Understand raising a voice in Pakistan is not easy. 

But some privileged JNU brand Indians feel darr ka mahaul hai in India.",[]
231,"After the first official WhatsApp University (JNU) we are creating another world-class institution that (for the first time) will offer a course on ""Bhoot Vidya"". 

This surely deserves the Institute of Eminence tag. 

#BHU

Naveen Gaur https://www.facebook.com/731426084/posts/10157965575236085/ …",['BHU']
232,"South Sudan.
May be JNU with embedded dungis.",[]
233,That's the convincing Power of a JNU student. Nahi to bhakto ko koi chawanni na de,[]
234,3600 per semester in Delhi . No wonder these communists have babies inside the JNU.,[]
235,"What is provoking?

It's truth

Kanhaiya hijacked JNU protest rising for Rohit Vemulla

Ask around",[]
236,"@amitmalviya Is it a joke that CMs like Mamta, P Vijayan and Amrinder r violating  their oath and challenging constirution daily on CAA? Indira Gandhi would have sacked them. BJP didn't act against jnu traitors so amu and jamia jehadi traitors  feel emboldened https://twitter.com/amitmalviya/status/1211665740341735424 …",[]
237,"#PriyankaBacksRioters On expected lines ! Sonia weeps for Batla House terrorists ! Rahul backs JNU Bharat ke Tukde Tukde Gang !

Now, Priyanka Vadra supports rioters !

Crux of the matter ! Fake Gandhis are with anti national, anti Indian, Jihadi elements !",['PriyankaBacksRioters']
238,Because she is from JNU,[]
239,Who said you that all JNU students are #urbannaxals ?,['urbannaxals']
240,How long will you be a student? I think you will retire as a student from JNU. Your parents must be waiting for the judgement day when you will earning for them.,[]
241,#IndiaSupportsCAA Modi govt is a silent against anti- India narrative like JNU. If Indiraji was the PM she would have removed all  CMs  like Mamta who have vowed not to implement CAA. Its a very serious treason. It violates the oath as CM to work as per India's constitution.,['IndiaSupportsCAA']
242,"So students of JNU, Jamia, Jadavpur, IITs are illiterate and only Modi and Shah are literate. Kya samajhdari he ",[]
243,Jnu social studies dept products.,[]
244,Shehla Rashid is such a neechi opportunist woman. Ever wondered how a JNU humanities grad lives in the richest part of the city? Won’t be surprised if she says she’s going into politics to save “oppressed muslims” in a few years.,[]
245,"Hindus won't vote for u,go & support the jihadi rioters
JNU jihadi comrade sandeep pagla mat,we know u r boss mrs.won't spell the mantras",[]
246,https://www.facebook.com/1154511954/posts/10221099024522636/?d=n … Truth of slogans “Pakistan Zindabad” in JNU campus pic.twitter.com/P7q8j7KZK3,[]
247,"Students in IIT'S AND IIM'S get campus placement but students in AMU, JAMIA and JNU  get azaadi. https://twitter.com/Ssaniya25/status/1211712906305257472 …",[]
248," 
Sir accept sometimes joke also.. 
",[]
249,JNU one of the products @BJP4India @PMOIndia @ZeeNews @TimesNowpic.twitter.com/LWmVmOLIvW,[]
250,"Because everyone decided not to go to JNU, where quarter of an year is 4 months.",[]
251,"By far the most level headed argument on this issue. I am going to stop reading what JNU leader has to say because it's distancing me from the movement. I am a Hindu but I will never say Jay Shree Ram for a political rally, I reserve the same treatment for other religious slogans",[]
252,What education comes out of JNU pic.twitter.com/FBtt2ZDRl3,[]
253,"Why this so called ""JNU scholor"" is scared?  If NRC is applied country wide, it applies to all citizens & thecaim is to identify & weedout illegal immegrants. He has no reason to be scared off unless he himself is an illegal immigrant!",[]
254,Are you also a JNU scholar then!?,[]
255,"Someone said this young fellow is studying in #JNU
@kanhaiyakumar must be proud of him ..https://twitter.com/TarekFatah/status/1209322726411751426 …",['JNU']
256,IIT is not JNU....at least not yet.... JNU is a snake pit of anti national anarchists & useful idiots of Congress-commie combine who are freeloading on the State for generations,[]
257,"Seal all universities 
JNU, Jamia Millia Islamia, AMU, MANUU too
-They spew venom under closed door against other religions
-They lie by saying they speak for Dalits and weaker class but these minority institutions do not even provide mandatory reservation to SCs, STs and OBCs pic.twitter.com/MJcxstlGUZ",[]
258,JNU is full of dopes. Where can you find a scholar in that den of vices?,[]
259,"Sir, to fund JNU, he isn't finished his course n made home paying JNU 10/- expensive hostel rent even he can't afford. @UmarKhalidJNU is a Scholar, as he given opportunity to tax payers to pay his Scholarship. @ShekharGupta",[]
260,The only JNU student out of college i have seen before her forties is @MPLadakh 's wife,[]
261,I don't want my taxes spend on freebies to some idiot in JNU to chant anti india slogans. This is what happening in India. It's worse in W.B. there these infiltrators kill ppl. They r a security threat.,[]
262,"Congress and leftist student wing doing all this....And when it's JNU or Jamia batla house encounter gang.... than nothing to say more.... anti indian r@scals...
Just shot on sight.. unecesaary weight on earth.",[]
263,Mr.Coupta and JNU scholar Jehadi Umar Khalid....what a shame ...this m0r0n Coupta calling  Jehadi  a scholar .,[]
264,"Abhijit Banerjee from JNU has earned a Nobel. 

Ask any RW looney to buy a Chetan Novel.",[]
265,Many of their own favorite govt's officers are from JNU,[]
266,"If the Left seriously starts a campaign against eating I dare say the JNU types will chant 'pet maange aazadi, khane se aazaadi'. Not joking!",[]
267,"Sunder Pichai & Kanhaiya are two different class.
That is the difference between IIT & JNU",[]
268,JNU entrance exam is a big sham. Most admissions r on recommendations of leftist politicians. Any open enquiry into JNU admissions at graduation / PG / Research level will bring out this fact .Those who do not get admission anywhere else get into JNU.,[]
269,Someone tell this @rishibagree that GMAT or IIM score is not needed for admission in JNU ,[]
270,"Have  we got new Newton (Shehzad) in JNU?

He must be figuring out how STARS work as pillars to hold Heaven up. !!!",[]
271,Now days students of JNU & JAMIA learning bharat tere tukde hoge and how to throw petrol bomb or stone on police and they blames modi 4 not getting jobs.,[]
272,"If @UmarKhalidJNU is JNU scholar then I am sachin Tendulkar ! Where is the brain of these ringmasters nowadays? 

@ShekharGupta please https://twitter.com/ShekharGupta/status/1209048627999457280 …",[]
273,"There were so many women in the farmer's movement too. just marching. And at the JNU protests. Nirbhaya was led by women, and there were women at the helm of Aarey. 
Always been around. But much more visible this time. 
Indian women are inspirational",[]
274,You go to jnu ..finish your studies first,[]
275,"Will corporates give jobs to these Jamia, JNU, AMU radicals in their companies in India.",[]
276,"You shameless maggot. Pseudo seculars from your ""Bollywood""alias ""Underworld"" make sure to provoke the students and muslims when JNU or Jamia Millia islamia students fight  irrelevant aspects. Your impetuous remarks show your immaturity even at the age of 71. https://twitter.com/MaheshNBhatt/status/1208600080975986688 …",[]
277,Did these library students sign up to spread violence - wish jamia and JNU laggards visit a professional college and realise why they have been left behind - it’s not religion / region / language / dress/ Delhi police  which have got them where they are,[]
278,He did not have the leftist media or pinko leftists from JNU in Turkey to cover his deeds.,[]
279,"https://youtu.be/QfAnDPa8164 

Latest 'Azadi song' by Kanhaiya Kumar at JNU against NRC - CAA - NPR. I hope someday it will spread Nationwide.

@thecuriouself @DearthOfSid @aju000 @SudeepSudhakrn @LeftTurn0",[]
280,"You are a student, please join JNU. You will stay student all your life on welfare.",[]
281,"Perhaps she got her ""Seculolarship"" from JNU or similar ""INCtitutes"" !! ",[]
282,Lol this puncturewali so much pissed as usual.. i come to know she permanent banned..kicked out frm JNU..agar aju baju dikhi bhi toh sidha thok dege..encounter,[]
283,Have they been ignoring JNU ,[]
284,"""Bakwas karte rehte ho"",How respectful no? You did ashamed me in your previous tweets asking my college name just because you think I don't know about admission eligibility for JNU. You understand your own tweet or read this thread even to know context of my tweet?",[]
285,Hear the voice of #JNU go global @kanhaiyakumar @Shehla_Rashid @UmarKhalidJNU @jigneshmevani80 @ashoswai @anuragkashyap72 @FarOutAkhtar @Zoheb_Shhttps://twitter.com/baxiabhishek/status/1208763901162078210 …,['JNU']
286,"We,the students of JNU evolutionary  mythology dept reject the theory of evolution.",[]
287,U don't like it because u r supporter of Tukde Tukde gang of JNU.,[]
288,"Flight attendant Emily on AS64 from ANC to JNU today makes the best bloody Mary’s, and with an awesome cheerful personality to boot. Thanks @AlaskaAir for hiring the best of the best.  #iflyalaskapic.twitter.com/tgCOqeqVEb",['iflyalaskapic']
289,Want to join #Jnu? I am sure you will feel at home.,['Jnu']
290,"For Islamist Bibi, day starts and ends with Muslim. 

You live in a secular country, be secular and use Takiya to advise Indian Muslims suitably how to be part of the mainstream. Did you complete your Phd from JNU, if yes, put the taxpayers hard earned money to good use. https://twitter.com/Shehla_Rashid/status/1208804415462731776 …",[]
291,JNU: The emotional cost of protesting is the cutest article I have read it recent times. Good attempt ,[]
292,"IIT, IIM, JNU, BHU, AMU, JU, TISS, IIS, well  all the people from these reputed universities are puncture walas as per gobar Surya",[]
293,"Does anyone remember the JNU fact how
@kanhaiyakumar @UmarKhalidJNU @Shehla_Rashid were put on a public troll for raising the Azaadi slogan.

Today the same slogan is raised by young Indian on the streets throughout India!

Media Bhkts and all of BJP should learn,Lies won't hold!",[]
294,JNU Naxals accounts are not blocked,[]
295,"The silent majority are in favour of the bill , but have not stepped out for a show of strength , just due to self restraint and BJP has not mobilised them in the interest of peace.Youth dissatisfaction due to JNU  and other minority institution coupled with adverse verdicts https://twitter.com/ShashiTharoor/status/1208045442199519232 …",[]
296,"Exhibit A:
This is a rally lead by BJP.
Openly asking for violence against all muslims.
Against alll students of Jamia and JNU. Calling all of them 'Gaddar'.
This is so convincing and reassuring that everything is alright. Muslims can just sleep in peace now. Right?

#SabChangaSi",['SabChangaSi']
297,The BOGO only applies to SEA from JNU as far as I can tell...,[]
298,"Modi govt. faced similar issue with JNU row in 14, this is much  bigger version of it. Time to give right dose to this goons so called protesters  cancer cell.",[]
299,Please Educate those worst idiots in #JamiaMilia and #JNU https://twitter.com/TajinderBagga/status/1208029934133710849 …,"['JamiaMilia', 'JNU']"
300,It's shameful that someone of the calibre of @DrSJaishankar is not opposing the CAA when he knows this is dividing the country. Shame on your JNU education.,[]
301,"Cong had a clean run 4m 2004 to 2014, true protests happened but it nvr involved impressionable teens as pawns.Du,jdvpur,jamiamilia,jnu nyone cn sense a pattern.students
r being brainwashed for political gain, all I cud say is it's sinful",[]
302,"Dhruv rathi... Vinod kapri...anubhav sinha check them through te plz
And some professors of amu jnu trying to create fear in muslims...",[]
303,"You can fly JNU -> SFO for <$200 or even JNU -> OGG (Maui) for <$500 round trip right now.

It's also BOGO. So I guess I'm going on vacation next month?",[]
304,This is done by leftist people...go to JNU JU or any other left dominated campus you will hear all these things ....not done by Muslims for sure...this is done by leftists 100% leftist students hate modi so they always utter all these things day in day out https://twitter.com/AskAnshul/status/1208100103489146880 …,[]
305,This is done by leftist people...go to JNU JU or anyother campus you will hear all these things ....muslims won't do this...this is done by leftists for sure...100% surety.... leftist students hate modi so they always utter all these things day in day out,[]
306,@priyankagandhi found insulting om. This is JNU students at India gate. pic.twitter.com/zAbWoiyZLl,[]
307,I hope the World is watching. I hope the pseudo intellectuals from Oxford to Harvard and JNU to Timbaktoo are reading. This is Civilized vs http://Terrorism.PM  Modi is  the ONLY World leader to give a Rat's Ass to Jihadis. His voters are the same. Jay Hind. Victory to Truth!,[]
308,"They never hid their agenda, rather they wore it proudly throughout...sad ppl cudnt see something so obvious, while BJP went out buying MLAs in every state, putting Adityanath as UP CM. Step by step they dehumanised JNU students, Muslims, liberals..but ppl still voted him.",[]
309,#SanghiTerrorists #Sanghis RSS is the largest #NGO in the #world. It is vilified as an #evil #organization but then it invites people with opposing views to #learn. But the #freespeech centre #JNU frowns upon any #rightist views. http://bit.ly/2BVCW1E pic.twitter.com/IvVjD1zTQh,"['SanghiTerrorists', 'Sanghis', 'NGO', 'world', 'evil', 'organization', 'learn', 'freespeech', 'JNU', 'rightist']"
310,"#JamiaAmufightback
Look at this guy spreading hatred and chanting slogans of killing students from JNU, AMU and Jamia.
@ravishndtv @HuffPost @washingtonpost @nytimes @AJEnglish @thecaravanindia @UN @AIIndia @hrw @UNHumanRights
https://twitter.com/KapilMishra_IND/status/1208031843074760704?s=19 …",['JamiaAmufightback']
311,"These Are The Educated Students From JNU, AMU & Jamia",[]
312,"#JNUViolence
Our universities must be secure from outsiders.
Masked goons strike terror in JNU: https://www.thehindu.com/news/cities/Delhi/live-updates-jnu-students-attacked-inside-campus-by-abvp-activists/article30486246.ece …",['JNUViolence']
313,"I have fail to understand why RSS or BJP are running after JNU
They are trying to destroy the institutions of Learning by RSS ideology 
Instead of trying manage economy, they are forcibly trying to eliminate freedom of speech and expression.",[]
314,We want police to arrest all jihadis of JNU only people who are attackers everywhere in the world.,[]
315,It’s the best thing that happened at JNU,[]
316,"https://twitter.com/kawalpreetdu/status/1213879931698130944 … 

See what the ABVP (RSS youth paramilitary) did to students at JNU.",[]
317,These re not ABVP students these All are leftist who want to stop registration in JNU for new students,[]
318,"30 injured as masked thugs go on rampage inside JNU https://timesofindia.indiatimes.com/india/30-injured-as-masked-thugs-go-on-rampage-inside-jnu/articleshow/73114321.cms?utm_campaign=andapp&utm_medium=referral&utm_source=native_share_tray …
Write truth @timesofindia :
It wasn’t the ABVP who attacked it was Commies... kudos to the commies for classic Russian maskirovka tactics - do what you do & blame others.",[]
319,The politics of you and your ilk have ruined JNU irreparably. What spirit are u talking about? Its already dead and you killed it.,[]
320,"Police Did Nothing: JNU Students, Staff Allege Free Hand to Goons https://www.thequint.com/news/politics/delhi-police-did-nothing-jnu-students-staff-allege-free-hand-to-goons …",[]
321,@UN Students attacked in JNU by Terrorist of ABVP.India in wrong hands. https://twitter.com/drshamamohd/status/1213924821081264128 …,[]
322,I doubt that Kangress has taken it to next level by sending goons to JNU and hurt those already spoilt students. This would give them opportunity to push the blame on BJP and take the vote share of the Illogical and brain dead seculars along with readily available muzzis votes.,[]
323,The JNU I read about  has always been an hotbed of hypocrites pretending to be liberal in outlook and unable to tolerate any criticism.,[]
324,Bengaluru is with you JNU. Stay strong. https://twitter.com/fayedsouza/status/1213901894915121152 …,[]
325,"Joking this person. Last when police went into jnu chasing goons, police was blamed. Now why should they go inside without written permission??? https://twitter.com/Nidhi/status/1213823770928046080 …",[]
326,@rohini_sgh look at this shameless woman. She saw the video and telling that horrific attack. Are bahan it is not public domain...It is JNU can't u understand?,[]
327,Ya right! We all know JNU students always tell the truth.,[]
328," neither JNU is India, nor modi is India and neither Indira is India. India is India and we know how to take care of morons like you irrespective of religion ",[]
329,"Modiji buckled up the procedures ensuring security to the nation

Let the people's tax money shall not be spent on the goons, uncles and aunts who depends on JNU for their lively hood 

#Stoppotrayting
#Dontplayvictimcard","['Stoppotrayting', 'Dontplayvictimcard']"
330,World famous JNU is only known for getting world famous anti-nationals. when whole JNU cried for afzal guru there ws no protest outside. When they said hum bharat tukde karenge no protests either. Now suddenly all over from India came to light March wah #ShutDownJNU #JNUViolence,"['ShutDownJNU', 'JNUViolence']"
331,"as per Wikipedia, she has degree in sociology from JNU  she works in film ( crap movies), she must be paid in cheque and that cheque can be encashed in the bank, so she must have bank accounts too. Her father is a naval officer.
@ReallySwara - do you take the payment in cash.https://twitter.com/ExSecular/status/1213460922552872961 …",[]
332,I am still shocked tht a jnu grad doesnt have a birth certificate or high school certificate. Kabhi to sach bol dia karo,[]
333,"Still opposing CAA. I would suggest you sir that you please offer the a GOVT job and 500K to the peoples who were involved in the riots. Because Election is coming the responsible peoples were from community like Jamia, JNU and Seelampur.",[]
334,"it is "" uniform "" EDUCATION, pan india and banning of ""mullah"" run schools' removing or revamping reservation system, and closing of all three spoiled institutions JNU  JAMIA ALIGADH etc shall later bring harmony.",[]
335,"Yes....he will remain in India..

The one who has passport, A category certified movie under her name, degree from JNU only has fear.",[]
336,"While you are at it, how about inviting some 'ordinary' folks from Shaheen Bagh, JNU, AMU or Jamia...am sure it will be a good discussion",[]
337,"Why there is no protest, dharna, pradarshan, tod-fod, violence etc. on Infant deaths in Kota??
Where are JNU, Jamia, AMU n F@khtar??
Why Congress leaders are not visiting affected families??
#PriyankaGandhi
#PriyankaGandhi #Congress #NarendraModi #AmitShah #SwaraBhaskar","['PriyankaGandhi', 'PriyankaGandhi', 'Congress', 'NarendraModi', 'AmitShah', 'SwaraBhaskar']"
338,"We don't know the election outcome.. but one thing is sure when the likes of you & Akhtar trio (Javed,sabana and Farhan) will compaign, the result would be quite certain. Remember the idiot of JNU kanhaiya kunar election compaign in 2019.poor chap got carried away. @ashokepandit",[]
339,"Why there is no protest, dharna, pradarshan, tod-fod, violence etc. on Infant deaths in Kota??
Where are JNU, Jamia, AMU n F@khtar??
Why Congress leaders are not visiting affected families??",[]
340,"Why there is no protest, dharna, pradarshan, tod-fod, violence etc. on Infant deaths in Kota??
Where are JNU, Jamia, AMU n F@khtar??
Why Congress leaders are not visiting affected families??
#jmu
#JamiaProtest #JamiaMilia #JamaMasjid #FarhanAkhtar #
#rajdeepsardesai
#lallantop","['jmu', 'JamiaProtest', 'JamiaMilia', 'JamaMasjid', 'FarhanAkhtar', 'rajdeepsardesai', 'lallantop']"
341,"After BJP objection, JNU retd prof’s lecture put off http://toi.in/-uEM2Y ",[]
342,"After BJP objection, JNU retd prof’s lecture put off http://toi.in/4fJZxa ",[]
343,"That's why JNU is elite edition of GB road.
Any one can enter.",[]
344,"Great Visionary, Dr. @Swamy39 jee, advised to shut down JNU for 2 years!! 

Hooliganism yet again: Masked JNU ‘students’ barge into Information Centre, switch servers off and forcibly evict Technical Staff ! 
https://www.opindia.com/2020/01/jnu-fee-hike-protest-students-disrupt-registration-process-switch-servers-off-information-centre/ …",[]
345,@AlaskaAir I’m bummed that the loading crew couldn’t simply keep my package “this side up” as it is clearly marked. It’s evident that they didn’t after I opened my package. FLT75 1/4/19. Sea - Jnu - disappointed pic.twitter.com/5AmCuUQmgM,[]
346,"But she's a product of JNU, you can't expect anything different .. You see?",[]
347,"Is this person trying to say that illiterates, nomads,disabled persons do not get voting cards, ration card, adhaar card in our country? She just proved she is from JNU. https://twitter.com/ReallySwara/status/1213497631659286530 …",[]
348,"Is this person trying to say that illiterates, nomads,disabled persons do not get voting cards, ration card, adhaar card in our country? She just proved she is from JNU.",[]
349,"Have you seen any #VTU or #BU or #AnnaU students doing any anti national circus??
They are the students that India wants. The Nation Builders. Not Nation Breakers #JNU or #AMU.","['VTU', 'BU', 'AnnaU', 'JNU', 'AMU']"
350,"first JU, then JNU, and now Jamia! Silencing the voice of the youth now and then!!! Aise kaise chalega BJP? What will your minister talk about in his speeches now? That we burn and beat up the ‘labalab youth’ of the country?",[]
351,"Like Pakistan zindabad of JNU episode was a doctored video ,such false allegations are again being made no slogans like this were raised ,",[]
352,What a shameless display of servitude! We ask: @DelhiPolice whom do you serve? Do you still serve the People of this country and her Constitution? SHAME! SHAME!,[]
353,@HMOIndia @PMOIndia The behaviors of the students sows what type of studies going on in these University #JamiaMiliaIslamia #AligarhMuslimUniversity #JNU are creating criminals not students and they have the mindset of terrorist. https://twitter.com/amitmalviya/status/1206289037755133953 …,"['JamiaMiliaIslamia', 'AligarhMuslimUniversity', 'JNU']"
354,Why  r u generalising jnu and jamia is hot bet of antinationap activities they doesn't make up India,[]
355,"@UmarKhalidJNU
@JNU
#JamiaMiliaIslamia
#JNU where are you now??? 
In the end not the words of our enemies but the silence of our friends 
#JNUProtests
#CAAprotest
#RejectNRC
@kanhaiyakumar","['JamiaMiliaIslamia', 'JNU', 'JNUProtests', 'CAAprotest', 'RejectNRC']"
356,Call it for what it is . JNU would never be attacked because it is nota Muslim minority university. jamia is targeted because it is a Muslim Minorities Institution. Stop this PC. https://twitter.com/sardesairajdeep/status/1206264070585892866 …,[]
357,Burning buses pelting stones r liberal wah re hypocrites whobsaidball the young ppl r against govt jnu and jamia isn't India,[]
358,"Jamia, JNU students protesting at Delhi Police HQ; AMU students in Aligarh https://goo.gl/fb/RKAUnN ",[]
359,"First step on CAB violence is to use force on Jamia, JNU and AMU thugs who are in the forefront of Violence and keep on Raul Khan Vinci's activities. We are on second war of Independence and soon Bengal should be made free of Mamta Ali Jinnah and her agents",[]
360,Bhai do you know students that were studying in library were attacked and religious slurs were used on them. That have done this to Jamia and Amu. Do u know y? Not even to JNU.,[]
361,"JNU, JMI,  TISS,  HCU,  DU,  AMU

Please add if I have left some",[]
362,What attacks ?? Police should have encountered all those Jihadis in Jamia and JNU!! But they didn't!! https://twitter.com/virsanghvi/status/1206320898245939200 …,[]
363,No madam. Children of Delhi Police go to Shakhas not universities. Dont u see their contempt in JNU or Jamia campus?,[]
364,"First JNU, then AMU and now Jamia. Do you not a commonality in all those universities and them being deliberate targets? https://twitter.com/hussainhaidry/status/1206354783084265472 …",[]
365,I always on the right side.... I only said be loyal with ur nation.... But I know u r from Terriost University #JNU.... Just enjoy ur holiday in #JNU on my Income tax money. U shame less lady...,"['JNU', 'JNU']"
366,"About JNU also, please don't assume yourself. I would love to debate about issues and seek to correct myself if I'm wrong. Good night -:)",[]
367,"Raul Vinci and close associated should be taken into custody before they start adding to fire on CAB. Government must use any force necessary to weed out Jamia Milia , JNU  and AMU Pakistani agent quicky and consider taking law and order of West Bengal quickly.",[]
368,Protest must continue till the removal of V C of JNU and withdrawal of increased fee . https://twitter.com/s_szama/status/1215216131931168768 …,[]
369,"#JNU Disgrace is not our country's disgrace! Clash between 2 small student groups' not unusual.  Occupants of the campus are getting hefty stifunds& with subsidised room rent& food! #IdleBrain devil's workshop !!
#StopSubsidies make them pay. Then they will study!! 1/2","['JNU', 'IdleBrain', 'StopSubsidies']"
370,The parents of these students should be ashamed of themselves and their upbringing. Who in their sane mind will send their kids in universities like JNU. And my question to these girls that how can you use such a defamatory and deteriorating language for any female #shameJNUhttps://twitter.com/drrsingh1969/status/1215661156158722050 …,['shameJNUhttps']
371,"Whenever #Modi and #AmitShah want to #Punish a #BJP leader - they send him to debate with @kanhaiyakumar. Today was the turn of @amitabhsinhabjp
@sambitswaraj
@Shubhrastha
JNU Heated Debate: Kanhaiya Kumar vs Amitabh Sinha https://youtu.be/7l0qUtAi3GM  via @YouTube","['Modi', 'AmitShah', 'Punish', 'BJP']"
372,"“JNU Students study more than Doctors”, claims Deepika. 
http://quackdoses.com/jnu-students-study-more-than-doctors-claims-deepika/ …
#Quackdoses #Doctors #Patients #Hospital #Medical #Pharmaceuticals #Satire #DeepikaPadukone #Boycottchhapaak #NameItLikeBollywood #JNUviolence #boycottdeepikapadukone","['Quackdoses', 'Doctors', 'Patients', 'Hospital', 'Medical', 'Pharmaceuticals', 'Satire', 'DeepikaPadukone', 'Boycottchhapaak', 'NameItLikeBollywood', 'JNUviolence', 'boycottdeepikapadukone']"
373,Delhi Police has identified nine suspects in the JNU violence case. Briefing media about the ongoing investigation in the incident that happened on 5th of this month in the University campus. pic.twitter.com/wAkd9LzSLp,[]
374,Prime suspect of JNU violence and destruction with prime suspect of Sunanda Pushkar's murder. https://twitter.com/SureshNakhua/status/1215600616598163457 …,[]
375,Yes she will be safe until she changes her mind to try her luck in politics and also people like you @anuragkashyap72 stay away from JNU and don't trigger violent protests and riots.,[]
376,"Sanghis Terrorist Bombing masjids & trains blame Muslims for bombing 

Attacking JNU clear evidence of ABVP & police
Has emerge yes Blaming charging others students union

 Country institutions reputation in shamshan Khabrastan standing with terrorist sanghi
@JAslamBasha jihttps://twitter.com/ajaymaken/status/1215649484614467584 …",[]
377,Anti Nation activist are exposed in JNU,[]
378,"Now in few days #DeepikaPadukone exclusive interview will come in which she will be seen confessing I went into depression after so much controversy because of #JNU , it's Ranveer who helped me overcome this #DeepikaPadukone and will gain sympathy","['DeepikaPadukone', 'JNU', 'DeepikaPadukone']"
379,"She protested at JNU along with left! 
Movie got tax exemption from Congress ruled states!! 

They cry about equality, yet take advantage. Why this spl treatment to this Film?",[]
380,Us destroyer fires warning shot at Russian navy #WIN #yummy #JNU #JIMIN #AdderallTrump #YangGang #US #OleOut #Australia #t #GullyBoyAsimhttps://www.rnz.co.nz/news/world/407094/us-destroyer-fires-warning-blasts-at-russian-navy-in-north-arabian-sea …,"['WIN', 'yummy', 'JNU', 'JIMIN', 'AdderallTrump', 'YangGang', 'US', 'OleOut', 'Australia', 't', 'GullyBoyAsimhttps']"
381,"North India is so cold right now that you wonder if you can get a frost bite just by washing your hands in cold tap water.

But why should that stop hooligans of JNU from wrecking the place & the drama later on?",[]
382,Govt spending about Rs 7 lakh per student in JNU and helping produce anti nationals ⁦@SandeepN9NE⁩pic.twitter.com/YXfiLvaI4v,[]
383,"Silence of Kejriwal on JNU campus attack exposed him unwillingness to stand with justice , against violence and goondaism of ABVP .",[]
384,‘Inspires us all’: Raghuram Rajan on Deepika’s ‘silent protest’ at JNU https://www.hindustantimes.com/india-news/raghuram-rajan-on-deepika-s-silent-protest-at-jnu-inspires-us-all/story-J5xN7h8TrCNl81JRDmGpeK.html …,[]
385,Plus admission to JNU can be made through UPSC exam / some common entrance test etc,[]
386,"Just saw the entire debate that Kanhaiya was on - the India Today one. In 45 minutes, the BJP representative answered a grand total of zero questions. Called students 'parasites'. Said there would be a cleansing operation at JNU. Said he wasn't opposed to Godse. India, WAKE UP!",[]
